{"cameraMode":{"drawMode":0,"name":"Shaded","section":"Shading Mode"},"sceneLighting":true,"audioPlay":false,"sceneViewState":{"m_AlwaysRefresh":false,"showFog":true,"showSkybox":true,"showFlares":true,"showImageEffects":true,"showParticleSystems":true,"showVisualEffectGraphs":true,"m_FxEnabled":true},"in2DMode":false,"pivot":{"x":29.55919075012207,"y":-20.781574249267579,"z":-1.5371003150939942},"rotation":{"x":-0.22585442662239076,"y":-0.6956080198287964,"z":0.24715417623519898,"w":-0.6356465816497803},"size":29.738832473754884,"orthographic":false}